{"Training":{"1":0.9013950539,"2":0.9296131896,"3":0.9435637286,"4":0.952758402,"5":0.9654407102,"6":0.9698795181,"7":0.9812935954,"8":0.9803424223,"9":0.9784400761,"10":0.9831959417,"11":0.9889029803,"12":0.9904882689,"13":0.9927076728,"14":0.9942929613,"15":0.994610019,"16":0.9923906151,"17":0.9908053266,"18":0.9920735574,"19":0.9920735574,"20":0.9920735574,"21":0.9917564997,"22":0.9911223843,"23":0.9901712112,"24":0.9898541535,"25":0.9879518072,"26":0.9879518072,"27":0.986049461,"28":0.982878884,"29":0.9850982879,"30":0.9847812302,"31":0.9812935954,"32":0.9797083069,"33":0.9793912492,"34":0.9768547876,"35":0.9736842105,"36":0.9698795181,"37":0.972098922,"38":0.9701965758,"39":0.966708941,"40":0.9698795181,"41":0.9695624604,"42":0.9622701332,"43":0.9638554217,"44":0.963538364,"45":0.9571972099,"46":0.9571972099,"47":0.9594166138,"48":0.9533925174,"49":0.9622701332,"50":0.9556119214,"51":0.9524413443,"52":0.952758402,"53":0.9457831325,"54":0.9518072289,"55":0.9438807863,"56":0.9426125555},"Accuracy":{"1":0.5151515152,"2":0.5070214339,"3":0.5062823356,"4":0.5210643016,"5":0.526977088,"6":0.5011086475,"7":0.5321507761,"8":0.5151515152,"9":0.4915003695,"10":0.4922394678,"11":0.5218033999,"12":0.5262379897,"13":0.4937176644,"14":0.526977088,"15":0.5099778271,"16":0.5070214339,"17":0.5003695492,"18":0.5018477458,"19":0.5033259424,"20":0.4981522542,"21":0.4959349593,"22":0.4959349593,"23":0.5099778271,"24":0.4959349593,"25":0.4900221729,"26":0.5025868441,"27":0.5062823356,"28":0.495195861,"29":0.5158906135,"30":0.5033259424,"31":0.5018477458,"32":0.5018477458,"33":0.5025868441,"34":0.5107169254,"35":0.4833702882,"36":0.4715447154,"37":0.5114560237,"38":0.4988913525,"39":0.4833702882,"40":0.4841093865,"41":0.5129342203,"42":0.4892830746,"43":0.5114560237,"44":0.5151515152,"45":0.4929785661,"46":0.5025868441,"47":0.487804878,"48":0.495195861,"49":0.5373244642,"50":0.5158906135,"51":0.5225424982,"52":0.4900221729,"53":0.504804139,"54":0.5232815965,"55":0.4900221729,"56":0.4981522542},"Dimensionen":{"1":10061.0,"2":12996.0,"3":15833.0,"4":18644.0,"5":21425.0,"6":24259.0,"7":27006.0,"8":29695.0,"9":32411.0,"10":35153.0,"11":37797.0,"12":40451.0,"13":43086.0,"14":45676.0,"15":48246.0,"16":50843.0,"17":53362.0,"18":55882.0,"19":58333.0,"20":60748.0,"21":63141.0,"22":65481.0,"23":67781.0,"24":70039.0,"25":72199.0,"26":74367.0,"27":76498.0,"28":78613.0,"29":80711.0,"30":82695.0,"31":84654.0,"32":86623.0,"33":88494.0,"34":90322.0,"35":92083.0,"36":93865.0,"37":95601.0,"38":97259.0,"39":98893.0,"40":100455.0,"41":102037.0,"42":103518.0,"43":105011.0,"44":106404.0,"45":107767.0,"46":109101.0,"47":110432.0,"48":111686.0,"49":112917.0,"50":114089.0,"51":115310.0,"52":116481.0,"53":117542.0,"54":118628.0,"55":119661.0,"56":120679.0},"Dimensionen\/DatasetSize":{"1":2.2323053029,"2":2.8835145329,"3":3.5129798092,"4":4.1366762813,"5":4.7537164411,"6":5.3825160861,"7":5.9920124251,"8":6.5886398935,"9":7.191258043,"10":7.7996449967,"11":8.3862879964,"12":8.975149767,"13":9.5597958731,"14":10.1344575105,"15":10.7046816064,"16":11.2808963834,"17":11.8398047482,"18":12.39893499,"19":12.9427557133,"20":13.4785888618,"21":14.0095407144,"22":14.5287330819,"23":15.0390503661,"24":15.540048813,"25":16.019303306,"26":16.5003328156,"27":16.9731528733,"28":17.4424228977,"29":17.9079210118,"30":18.3481251387,"31":18.7827823386,"32":19.2196583093,"33":19.6347903262,"34":20.0403816286,"35":20.4311071666,"36":20.8264921234,"37":21.2116707344,"38":21.5795429332,"39":21.9420900821,"40":22.2886620812,"41":22.6396716219,"42":22.9682715775,"43":23.2995340581,"44":23.6086088307,"45":23.9110272909,"46":24.2070113157,"47":24.5023297093,"48":24.7805635678,"49":25.0536942534,"50":25.3137341913,"51":25.5846461061,"52":25.8444641669,"53":26.0798757488,"54":26.3208342578,"55":26.5500332816,"56":26.7759041491},"Durchschnitt Precision":{"1":0.5075757576,"2":0.4963768116,"3":0.4892519347,"4":0.5065047702,"5":0.5187393526,"6":0.4942528736,"7":0.5169561621,"8":0.4955102041,"9":0.476340694,"10":0.4786729858,"11":0.5095846645,"12":0.5141471302,"13":0.4855355747,"14":0.5154150198,"15":0.5059101655,"16":0.4996096799,"17":0.4919043948,"18":0.4937694704,"19":0.4930232558,"20":0.4914992272,"21":0.4869631902,"22":0.4842911877,"23":0.5034588778,"24":0.4898911353,"25":0.4857363146,"26":0.4927091328,"27":0.4949651433,"28":0.488030888,"29":0.5042275173,"30":0.4965570008,"31":0.4957724827,"32":0.4919416731,"33":0.4922720247,"34":0.4996108949,"35":0.4733231707,"36":0.4669738863,"37":0.5046511628,"38":0.4918541505,"39":0.4762269939,"40":0.4791344668,"41":0.5035405193,"42":0.4832684825,"43":0.5027755749,"44":0.5035128806,"45":0.4844479005,"46":0.4917517675,"47":0.480529595,"48":0.4862313139,"49":0.5287915653,"50":0.5088282504,"51":0.509569378,"52":0.4842519685,"53":0.492,"54":0.5137987013,"55":0.4814522494,"56":0.4888},"Durchschnitt Recall":{"1":0.8183206107,"2":0.8456790123,"3":0.8988941548,"4":0.8929663609,"5":0.9022222222,"6":0.9275808937,"7":0.9356287425,"8":0.9529042386,"9":0.9664,"10":0.9619047619,"11":0.957957958,"12":0.9492537313,"13":0.965785381,"14":0.9659259259,"15":0.949704142,"16":0.9653092006,"17":0.9785276074,"18":0.9649923896,"19":0.9754601227,"20":0.9709923664,"21":0.9814528594,"22":0.9875,"23":0.9761549925,"24":0.9647779479,"25":0.9662576687,"26":0.9831546708,"27":0.9770642202,"28":0.9723076923,"29":0.9894419306,"30":0.9803625378,"31":0.9757942511,"32":0.9816232772,"33":0.98,"34":0.9756838906,"35":0.987281399,"36":0.9728,"37":0.971641791,"38":0.972392638,"39":0.9794952681,"40":0.9657320872,"41":0.9667673716,"42":0.9613003096,"43":0.951951952,"44":0.9713855422,"45":0.9643962848,"46":0.9660493827,"47":0.9640625,"48":0.9596273292,"49":0.9381294964,"50":0.943452381,"51":0.9565868263,"52":0.9490740741,"53":0.9520123839,"54":0.9377777778,"55":0.9546165884,"56":0.9502332815},"Durchschnitt F1-Score":{"1":0.6265341905,"2":0.6255707763,"3":0.6336302895,"4":0.6463752075,"5":0.6587344511,"6":0.644884842,"7":0.6659563133,"8":0.6519871106,"9":0.6381405177,"10":0.6392405063,"11":0.6652763295,"12":0.6670162559,"13":0.646201873,"14":0.6721649485,"15":0.6601542416,"16":0.658436214,"17":0.6546947152,"18":0.6532715095,"19":0.6549948507,"20":0.6526423807,"21":0.6509482317,"22":0.6498714653,"23":0.6643002028,"24":0.6498194946,"25":0.6464853771,"26":0.6564417178,"27":0.6570694087,"28":0.6498714653,"29":0.6680244399,"30":0.6592178771,"31":0.6574923547,"32":0.6554192229,"33":0.6553497942,"34":0.6608337622,"35":0.6398763524,"36":0.6310326933,"37":0.6642857143,"38":0.6532715095,"39":0.6408668731,"40":0.6404958678,"41":0.662183135,"42":0.643190057,"43":0.658017644,"44":0.6632390746,"45":0.6449275362,"46":0.6517438834,"47":0.6413721414,"48":0.6454308094,"49":0.6763485477,"50":0.661105318,"51":0.6649323621,"52":0.6412930136,"53":0.6487341772,"54":0.6638699528,"55":0.6400839454,"56":0.6455361859},"Gut Precision":{"1":0.543956044,"2":0.5483870968,"3":0.6290322581,"4":0.5873015873,"5":0.5689655172,"6":0.6091954023,"7":0.6022727273,"8":0.6741573034,"9":0.6724137931,"10":0.7192982456,"11":0.671875,"12":0.5921052632,"13":0.6956521739,"14":0.7391304348,"15":0.6086956522,"16":0.6666666667,"17":0.7333333333,"18":0.75,"19":0.75,"20":0.6153846154,"21":0.6666666667,"22":0.9090909091,"23":0.6818181818,"24":0.6818181818,"25":0.5862068966,"26":0.6923076923,"27":0.8,"28":0.7826086957,"29":0.7419354839,"30":0.6666666667,"31":0.5925925926,"32":0.8387096774,"33":0.8928571429,"34":0.7297297297,"35":0.8636363636,"36":0.6785714286,"37":0.6764705882,"38":0.6363636364,"39":0.65625,"40":0.6363636364,"41":0.56,"42":0.5952380952,"43":0.6136363636,"44":0.6511627907,"45":0.7419354839,"46":0.6923076923,"47":0.6666666667,"48":0.6037735849,"49":0.7058823529,"50":0.75,"51":0.7407407407,"52":0.6585365854,"53":0.7090909091,"54":0.6417910448,"55":0.6428571429,"56":0.7037037037},"Gut Recall":{"1":0.2869565217,"2":0.2449567723,"3":0.2131147541,"4":0.212034384,"5":0.2006079027,"6":0.150997151,"7":0.1545189504,"8":0.1719197708,"9":0.1098591549,"10":0.1129476584,